Ad Astra,2019-09-20,123,astra.jpg
World War Z,2013-06-21,116,wwz.jpg
Moneyball,2011-09-23,133,moneyball.jpg
Megamind,2010-11-05,95,megamind.jpg
The Curious Case of Benjamin Button,2008-12-25,166,button.jpg
Burn After Reading,2008-09-12,96,burn.jpg
The Assassination of Jesse James by the Coward Robert Ford,2007-10-19,160,jesse.jpg
Ocean's Thirteen,2007-06-08,122,thirteen.jpg
Babel,2006-11-10,143,babel.jpg
Mr. & Mrs. Smith,2005-06-10,120,smith.jpg
Ocean's Twelve,2004-12-10,125,twelve.jpg
Troy,2004-05-14,163,troy.jpg
Sinbad: Legend of the Seven Seas,2003-07-02,86,sinbad.jpg
Ocean's Eleven,2001-12-07,116,eleven.jpg
The Mexican,2001-03-02,123,mexican.jpg
Snatch,2001-01-19,102,snatch.jpg
Fight Club,1999-10-15,139,fight.jpg
Meet Joe Black,1998-11-13,178,joe.jpg
Seven Years in Tibet,1997-10-10,136,tibet.jpg
12 Monkeys,1996-01-05,129,monkeys.jpg
Se7en,1995-09-22,127,se7en.jpg
Legends of the Fall,1995-01-13,133,fall.jpg
Interview with the Vampire: The Vampire Chronicles,1994-11-11,123,vampire.jpg
Thelma & Louise,1991-05-24,130,thelma.jpg